	energy	liveness	tempo	speechiness	acousticness	instrumentalness	danceability	duration_ms	loudness	valence
Aggressive	0.5677685668381312	0.06439559756891729	0.08884650330746698	0.5801294498277508	-0.1958686487542842	-0.13934842428916727	0.2831038065727851	0.09385430167512598	0.2526107355019306	-0.4355411881457256
Dark	-0.3691612620335048	-0.01083634110953189	-0.05348321434693371	-0.11994765751939063	0.2992759145842025	-0.6634171940133933	-0.3297642500570686	0.2878465213621168	0.18468551735853	-0.3780192833443863
Energetic	0.41803944548850297	0.09911768747815987	0.04974303827662057	-0.13924579639968593	-0.527507276891818	0.3528345798994981	-0.2545382152502871	0.2992235022155558	0.09325301066923962	0.3795628886320121
Happy	-0.1994901638693599	-0.05757106290995479	0.12482980563880815	-0.2382787365970163	0.05667687879010436	-0.22782500707783643	0.6752236204677969	-0.1196542799273184	0.037213676679516736	0.7247354211584224
Relaxing	-0.4171565864237693	-0.0951058810275904	-0.2099361328759618	-0.08265725931165809	0.3674231322717956	0.6777560454808984	-0.37402496173322625	-0.5612700453254801	-0.5677629402092171	-0.29073783830032285
